,blink_rate,eye_contact_percentage,head_movement_frequency,emotion_stability,emotion_confidence
mean,16.92,74.42,15.23,0.7633600000000001,0.79058
std,5.361064269434764,13.374315804269136,8.345875410263226,0.1270324479347022,0.12185785559288728
min,5.0,46.0,0.0,0.431,0.524
max,29.0,100.0,45.0,1.0,1.0
